employee_id,area,home_lat,home_lon,pt_minutes,transfers,walk_minutes,modes,first_stop_name,first_stop_lat,first_stop_lon,route_ok,dist_km,car_minutes,car_cost_month_eur,savings_month_eur,time_band,time_ratio,adoption_score,adoption_class
E0001,Norderstedt,53.70499,10.03958,39.0,1.0,31.0,BUS,"Glashütte, Hofweg",53.696740000000005,10.04904,True,2.11,10.1,36.0,-22.0,31–45 min,3.86,0.0,Low
E0002,Rotherbaum/Harvestehude,53.57365,9.968,75.0,3.0,23.0,SUBWAY+BUS,Christuskirche,53.569588,9.962379,True,13.59,32.2,231.0,173.0,> 60 min,2.33,26.3,Low
E0003,Ahrensburg,53.67704,10.22715,66.0,2.0,21.0,BUS,"Ahrensburg, Schulstraße",53.67875300000001,10.235647,True,11.91,29.0,203.0,145.0,> 60 min,2.28,39.6,Low
E0004,Schnelsen,53.63673,9.94327,49.0,2.0,14.0,BUS,Vielohweg (Mitte),53.63859000000001,9.945284,True,8.79,23.0,150.0,92.0,46–60 min,2.13,53.2,Medium
E0005,Billstedt,53.51524,10.08865,100.0,2.0,26.0,BUS+METRO,Moorfleet,53.512596,10.087307999999998,True,19.24,43.1,327.0,269.0,> 60 min,2.32,21.7,Low
E0006,Wedel,53.58832,9.67723,116.0,1.0,37.0,BUS,"Wedel, Markt",53.58432,9.700232999999999,True,26.71,57.5,454.0,396.0,> 60 min,2.02,24.1,Low
E0007,Norderstedt,53.72362,10.01943,42.0,2.0,16.0,BUS,"Harksheide, Falkenbergstraße (Nord)",53.72362,10.016862,True,4.51,14.7,77.0,19.0,31–45 min,2.86,19.0,Low
E0008,Norderstedt,53.71355,9.99538,39.0,1.0,20.0,BUS,"Friedrichsgabe, Langenharmer Weg",53.709507,9.999165,True,4.53,14.7,77.0,19.0,31–45 min,2.65,29.9,Low
E0009,Winterhude,53.60251,10.01368,48.0,1.0,16.0,BUS,U Alsterdorf,53.607162,10.012442000000002,True,9.6,24.5,163.0,105.0,46–60 min,1.96,65.8,High
E0010,Uhlenhorst,53.57416,10.01888,74.0,2.0,14.0,BUS,Beethovenstraße,53.57481,10.021695,True,12.63,30.4,215.0,157.0,> 60 min,2.43,37.4,Low
E0011,Altona-Altstadt,53.54962,9.93671,87.0,4.0,21.0,BUS+SUBWAY,Bf. Altona,53.55178,9.933858,True,16.87,38.5,287.0,229.0,> 60 min,2.26,20.0,Low
E0012,Elmshorn,53.75252,9.65056,85.0,3.0,27.0,REGIONAL_RAIL+BUS,Elmshorn,53.754025,9.659408,True,27.1,58.3,461.0,403.0,> 60 min,1.46,52.2,Medium
E0013,Bergedorf,53.4936,10.2312,110.0,3.0,27.0,BUS+METRO,Schlebuschweg,53.49245500000001,10.224740999999998,True,24.66,53.6,419.0,361.0,> 60 min,2.05,21.1,Low
E0014,Henstedt-Ulzburg,53.7813,9.9756,66.0,2.0,17.0,BUS,"Ulzburg-Süd, Birkenhof",53.777924,9.978262,True,11.54,28.3,196.0,138.0,> 60 min,2.33,40.8,Medium
E0015,Rotherbaum/Harvestehude,53.57889,9.98286,75.0,2.0,21.0,SUBWAY+BUS,Eppendorfer Baum,53.583763,9.985313,True,12.69,30.5,216.0,158.0,> 60 min,2.46,29.6,Low
E0016,Wandsbek,53.57442,10.08659,76.0,2.0,12.0,BUS,Kedenburgstraße,53.57498,10.087685,True,12.74,30.6,217.0,159.0,> 60 min,2.48,36.6,Low
E0017,Volksdorf,53.65744,10.16318,47.0,1.0,11.0,BUS,Rögenweg,53.65637,10.160152,True,8.31,22.0,141.0,83.0,46–60 min,2.14,62.0,Medium
E0018,Billstedt,53.55595,10.11645,82.0,2.0,15.0,BUS,Manshardtstraße,53.55788799999999,10.116314999999998,True,15.22,35.4,259.0,201.0,> 60 min,2.32,37.9,Low
E0019,Henstedt-Ulzburg,53.8041,9.98864,76.0,2.0,15.0,BUS,"Ulzburg, Ulzburger Straße",53.80445999999999,9.984226,True,13.63,32.3,232.0,174.0,> 60 min,2.35,38.8,Low
E0020,Wilhelmsburg,53.52293,10.00606,94.0,3.0,32.0,METRO+SUBWAY+BUS,Veddel (BallinStadt),53.5217,10.013312999999998,True,18.39,41.5,313.0,255.0,> 60 min,2.27,13.8,Low
E0021,Duvenstedt/Lemsahl,53.68796,10.13067,44.0,1.0,17.0,BUS,Bredenbekstraße,53.69281800000001,10.131711999999998,True,5.51,16.6,94.0,36.0,31–45 min,2.65,34.0,Low
E0022,Hoheluft,53.58071,9.97586,80.0,3.0,18.0,BUS,Eppendorfer Weg (Ost),53.58192,9.972072,True,12.67,30.4,216.0,158.0,> 60 min,2.63,17.6,Low
E0023,Wedel,53.59479,9.67693,112.0,3.0,28.0,BUS,"Wedel, Hatzburgtwiete",53.591263,9.687117999999998,True,26.44,57.0,450.0,392.0,> 60 min,1.96,22.9,Low
E0024,Pinneberg,53.64248,9.76338,85.0,1.0,16.0,BUS,"Appen-Etz, Rollbarg",53.638096,9.760699,True,19.31,43.2,328.0,270.0,> 60 min,1.97,55.7,Medium
E0025,Norderstedt,53.68729,10.02125,18.0,0.0,11.0,BUS,"Glashütte, Am Böhmerwald",53.68587,10.025396,True,1.7,9.3,29.0,-29.0,≤ 30 min,1.94,63.4,Medium
E0026,Barmbek-Süd,53.58667,10.04709,56.0,1.0,15.0,METRO+BUS,Barmbek,53.58745999999999,10.044164,True,11.1,27.4,189.0,131.0,46–60 min,2.04,63.0,Medium
E0027,Hamm,53.54411,10.03113,80.0,2.0,24.0,BUS+METRO,Süderstraße,53.546017,10.030247,True,15.87,36.6,270.0,212.0,> 60 min,2.19,35.4,Low
E0028,Rahlstedt,53.60276,10.14643,60.0,1.0,18.0,BUS,Bf. Rahlstedt (Doberaner Weg),53.604668,10.153586000000002,True,11.39,28.0,194.0,136.0,46–60 min,2.14,55.6,Medium
E0029,Eimsbüttel,53.57868,9.96099,75.0,3.0,26.0,SUBWAY+BUS,Osterstraße,53.57608,9.951689000000002,True,13.26,31.6,226.0,168.0,> 60 min,2.37,22.0,Low
E0030,Schnelsen,53.63424,9.93095,65.0,2.0,27.0,BUS,Wendlohstraße,53.629864,9.939724,True,9.6,24.5,163.0,105.0,> 60 min,2.65,17.3,Low
E0031,Hummelsbüttel,53.64983,10.04778,41.0,2.0,19.0,BUS,Glashütter Landstraße,53.647923,10.041,True,4.08,13.9,69.0,11.0,31–45 min,2.95,12.2,Low
E0032,Wedel,53.57666,9.69741,116.0,4.0,25.0,BUS,"Wedel, Bahnhofstraße",53.577335000000005,9.705370999999998,True,26.09,56.3,444.0,386.0,> 60 min,2.06,13.9,Low
E0033,Ohlsdorf,53.62618,10.03888,44.0,1.0,19.0,BUS,U S Ohlsdorf (Fuhlsbüttler Straße),53.621307,10.033319,True,6.73,19.0,114.0,56.0,31–45 min,2.32,46.4,Medium
E0034,Altona-Altstadt,53.54564,9.95,90.0,3.0,21.0,BUS+SUBWAY+METRO,Fischmarkt,53.54636,9.951025,True,16.92,38.6,288.0,230.0,> 60 min,2.33,22.8,Low
E0035,Hamm,53.55214,10.05568,82.0,2.0,26.0,SUBWAY+METRO+BUS,Hammer Kirche,53.555676,10.055553000000002,True,14.95,34.8,254.0,196.0,> 60 min,2.36,26.5,Low
E0036,Barmbek-Süd,53.58881,10.02168,69.0,2.0,18.0,BUS,Großheidestraße,53.58529,10.026708,True,10.99,27.2,187.0,129.0,> 60 min,2.54,30.1,Low
E0037,Eimsbüttel,53.56463,9.93303,87.0,5.0,30.0,METRO+BUS+SUBWAY,Diebsteich,53.56857000000001,9.934259999999998,True,15.5,35.9,264.0,206.0,> 60 min,2.42,0.0,Low
E0038,Hamm,53.53766,10.0494,87.0,2.0,31.0,METRO+BUS,Rothenburgsort,53.538475000000005,10.043952999999998,True,16.55,37.9,282.0,224.0,> 60 min,2.3,22.5,Low
E0039,Wandsbek,53.587,10.08035,81.0,2.0,23.0,BUS+METRO,Friedrich-Ebert-Damm (West),53.5847,10.077732,True,11.28,27.8,192.0,134.0,> 60 min,2.91,7.8,Low
E0040,Lokstedt,53.60438,9.9692,70.0,3.0,24.0,BUS,Stavenhagenstraße,53.60968,9.968704,True,10.47,26.2,178.0,120.0,> 60 min,2.67,12.2,Low
E0041,Rotherbaum/Harvestehude,53.57797,9.98934,72.0,2.0,18.0,BUS,Harvestehuder Weg,53.57942,9.993964,True,12.65,30.4,215.0,157.0,> 60 min,2.37,36.8,Low
E0042,Henstedt-Ulzburg,53.81024,9.97977,80.0,3.0,16.0,BUS,"Ulzburg, Brahmkoppel",53.809708,9.977992,True,14.45,33.9,246.0,188.0,> 60 min,2.36,29.7,Low
E0043,Eidelstedt,53.59846,9.89644,83.0,3.0,27.0,BUS,A S Eidelstedt,53.595184,9.904932,True,13.94,32.9,237.0,179.0,> 60 min,2.52,12.6,Low
E0044,Niendorf,53.60519,9.93579,69.0,3.0,25.0,SUBWAY+BUS,Hagendeel,53.603886,9.945275,True,11.64,28.4,198.0,140.0,> 60 min,2.43,22.4,Low
E0045,Henstedt-Ulzburg,53.7897,9.99343,67.0,2.0,12.0,BUS,"Henstedt, Ostpreußenstraße",53.789818,9.991862,True,12.0,29.1,204.0,146.0,> 60 min,2.3,46.6,Medium
E0046,Norderstedt,53.72753,9.97462,56.0,2.0,21.0,BUS,"Friedrichsgabe, Lawaetzstraße (Mitte)",53.727787,9.984586000000002,True,6.59,18.7,112.0,54.0,46–60 min,2.99,8.6,Low
E0047,Ottensen,53.55436,9.90801,97.0,5.0,21.0,BUS+SUBWAY,Griegstraße,53.55426799999999,9.910403,True,17.32,39.4,295.0,237.0,> 60 min,2.46,2.4,Low
E0048,Niendorf,53.62475,9.9479,53.0,2.0,12.0,BUS,Herzog-Bruno-Weg,53.62559000000001,9.946927999999998,True,9.48,24.3,161.0,103.0,46–60 min,2.18,52.6,Medium
E0049,Schnelsen,53.61652,9.93337,,,,,,,,False,10.8,26.8,184.0,126.0,,,,
E0050,Eimsbüttel,53.57016,9.94517,74.0,3.0,23.0,SUBWAY+BUS,Emilienstraße,53.57166699999999,9.952660000000002,True,14.58,34.1,248.0,190.0,> 60 min,2.17,32.7,Low
E0051,Barmbek-Süd,53.57551,10.03667,67.0,2.0,22.0,SUBWAY+METRO+BUS,Hamburger Straße,53.57444,10.037344,True,12.36,29.8,210.0,152.0,> 60 min,2.25,39.5,Low
E0052,Rahlstedt,53.60799,10.15276,58.0,1.0,19.0,BUS,Bargteheider Straße (Nord),53.613697,10.155975,True,11.17,27.5,190.0,132.0,46–60 min,2.11,56.2,Medium
E0053,Norderstedt,53.70526,10.01927,31.0,1.0,17.0,BUS,"Harksheide, Schützenwall",53.7077,10.02307,True,2.77,11.3,47.0,-11.0,31–45 min,2.74,27.6,Low
E0054,Lokstedt,53.61224,9.95316,66.0,3.0,16.0,BUS,Vogt-Cordes-Damm,53.613710000000005,9.951914,True,10.32,25.9,176.0,118.0,> 60 min,2.55,25.2,Low
E0055,Eidelstedt,53.59271,9.92037,,,,,,,,False,13.36,31.8,227.0,169.0,,,,
E0056,Norderstedt,53.6947,10.03853,14.0,1.0,11.0,BUS,"Glashütte, Arlaustieg",53.69363800000001,10.039077999999998,True,1.07,8.1,18.0,-40.0,≤ 30 min,1.73,71.4,High
E0057,Uhlenhorst,53.57492,10.01595,73.0,2.0,12.0,BUS,Zimmerstraße,53.574795,10.015021,True,12.58,30.3,214.0,156.0,> 60 min,2.41,40.3,Medium
E0058,Farmsen-Berne,53.60914,10.14509,67.0,2.0,23.0,BUS,Eggerskamp,53.61068,10.156523,True,10.76,26.8,183.0,125.0,> 60 min,2.5,27.5,Low
E0059,Eimsbüttel,53.59162,9.95289,68.0,4.0,19.0,BUS+SUBWAY,Max-Tau-Straße,53.592484,9.951231,True,12.24,29.6,208.0,150.0,> 60 min,2.3,27.0,Low
E0060,Winterhude,53.59728,10.01378,55.0,1.0,9.0,BUS,Stadtpark (Planetarium),53.596466,10.01423,True,10.16,25.6,173.0,115.0,46–60 min,2.15,62.4,Medium
E0061,Lokstedt,53.59708,9.96073,76.0,2.0,21.0,BUS,Siemersplatz,53.599430000000005,9.965074,True,11.46,28.1,195.0,137.0,> 60 min,2.7,19.6,Low
E0062,Hamm,53.55382,10.06052,79.0,2.0,27.0,BUS+METRO,Am Elisabethgehölz,53.55746499999999,10.062056000000002,True,14.78,34.5,251.0,193.0,> 60 min,2.29,29.3,Low
E0063,Farmsen-Berne,53.5985,10.09411,70.0,2.0,19.0,SUBWAY+BUS,Trabrennbahn,53.59823000000001,10.102202,True,10.27,25.8,175.0,117.0,> 60 min,2.71,21.4,Low
E0064,Norderstedt,53.66683,9.98139,24.0,0.0,6.0,BUS,"Garstedt, Gewerbe im Park",53.66603500000001,9.980121,True,4.84,15.3,82.0,24.0,≤ 30 min,1.57,80.3,High
E0065,Wilhelmsburg,53.4895,10.00437,107.0,4.0,35.0,BUS+METRO+SUBWAY,Hinter der Dorfkirche,53.490368,10.008390999999998,True,22.09,48.6,376.0,318.0,> 60 min,2.2,2.7,Low
E0066,Volksdorf,53.66837,10.1807,74.0,2.0,40.0,SUBWAY+BUS,Buckhorn,53.664730000000006,10.155598000000001,True,9.04,23.4,154.0,96.0,> 60 min,3.16,0.0,Low
E0067,Volksdorf,53.63938,10.16856,60.0,1.0,20.0,BUS,U Meiendorfer Weg,53.639410000000005,10.156326,True,9.57,24.5,163.0,105.0,46–60 min,2.45,39.4,Low
E0068,Niendorf,53.61593,9.94545,67.0,2.0,22.0,BUS,U Niendorf Markt,53.61911800000001,9.952040000000002,True,10.31,25.9,175.0,117.0,> 60 min,2.59,24.3,Low
E0069,Rahlstedt,53.60459,10.17087,62.0,2.0,18.0,BUS,Sieker Landstraße,53.605614,10.168552,True,12.24,29.6,208.0,150.0,> 60 min,2.09,50.9,Medium
E0070,Rotherbaum/Harvestehude,53.56796,10.00021,74.0,2.0,19.0,BUS,Böttgerstraße,53.568493,9.995518,True,13.54,32.1,230.0,172.0,> 60 min,2.31,37.5,Low
E0071,Wandsbek,53.57186,10.08408,76.0,2.0,14.0,BUS,Gustav-Adolf-Straße,53.570457,10.083257,True,12.98,31.0,221.0,163.0,> 60 min,2.45,35.9,Low
E0072,St. Pauli,53.56299,9.96478,76.0,4.0,19.0,BUS+SUBWAY,U S Sternschanze,53.56414,9.965955,True,14.77,34.5,251.0,193.0,> 60 min,2.2,27.9,Low
E0073,Ahrensburg,53.68833,10.22746,70.0,2.0,27.0,BUS,"Ahrensburg, Jungborn",53.683586,10.231990999999997,True,11.89,28.9,202.0,144.0,> 60 min,2.42,27.5,Low
E0074,Bramfeld,53.62081,10.07109,67.0,2.0,22.0,BUS,Friedhof Ohlsdorf (Kapelle 12),53.624664,10.069773,True,7.48,20.4,127.0,69.0,> 60 min,3.28,0.0,Low
E0075,Billstedt,53.53796,10.08503,94.0,3.0,17.0,BUS+SUBWAY,Blaue Brücke,53.5392,10.083939,True,16.71,38.2,284.0,226.0,> 60 min,2.46,20.1,Low
E0076,Langenhorn,53.66473,9.99501,26.0,0.0,10.0,BUS,Valvo,53.666904,9.991969999999998,True,4.19,14.1,71.0,13.0,≤ 30 min,1.84,69.2,High
E0077,Niendorf,53.62666,9.96736,63.0,1.0,17.0,BUS,Helvetierweg,53.626896,9.958912,True,8.47,22.3,144.0,86.0,> 60 min,2.83,25.0,Low
E0078,Bergedorf,53.4934,10.2065,96.0,2.0,25.0,METRO+BUS,Bergedorf,53.489834,10.206170999999998,True,23.92,52.1,407.0,349.0,> 60 min,1.84,42.2,Medium
E0079,Volksdorf,53.65354,10.15806,44.0,1.0,9.0,BUS,Halenreie,53.653263,10.16026,True,8.19,21.8,139.0,81.0,31–45 min,2.02,68.0,High
E0080,Norderstedt,53.71497,9.96312,63.0,2.0,31.0,BUS,"Garstedt, Hallig-Hooge-Stieg",53.711642999999995,9.980256,True,6.36,18.3,108.0,50.0,> 60 min,3.44,0.0,Low
E0081,Lokstedt,53.60065,9.9347,79.0,4.0,21.0,BUS+SUBWAY,Jütländer Allee,53.601154,9.931423,True,12.08,29.3,205.0,147.0,> 60 min,2.7,6.1,Low
E0082,Ottensen,53.54303,9.93109,100.0,5.0,29.0,BUS+SUBWAY,Rathaus Altona,53.54717,9.936229,True,17.69,40.1,301.0,243.0,> 60 min,2.49,0.0,Low
E0083,Quickborn,53.73595,9.89149,73.0,2.0,24.0,BUS,"Quickborn, Kirche",53.73131600000001,9.896901,True,11.61,28.4,197.0,139.0,> 60 min,2.57,23.0,Low
E0084,Barmbek-Nord,53.59448,10.0068,63.0,1.0,17.0,BUS,Stadtpark (Planetarium),53.596466,10.01423,True,10.57,26.4,180.0,122.0,> 60 min,2.39,44.7,Medium
E0085,Rahlstedt,53.59439,10.21122,90.0,2.0,41.0,BUS,"Stapelfeld, Heinrich-Ruge-Straße",53.605293,10.212200999999999,True,14.91,34.8,254.0,196.0,> 60 min,2.59,1.4,Low
E0086,Billstedt,53.54522,10.08926,83.0,2.0,27.0,BUS+METRO,Horner Rampe,53.547806,10.08535,True,15.96,36.8,271.0,213.0,> 60 min,2.26,29.0,Low
E0087,Stellingen,53.59572,9.90802,77.0,3.0,21.0,BUS,A S Eidelstedt,53.595184,9.904932,True,13.63,32.3,232.0,174.0,> 60 min,2.38,25.5,Low
E0088,Hamm,53.55192,10.05811,82.0,2.0,26.0,SUBWAY+METRO+BUS,Hammer Kirche,53.555676,10.055553000000002,True,14.98,34.9,255.0,197.0,> 60 min,2.35,26.8,Low
E0089,Eimsbüttel,53.57431,9.96212,74.0,3.0,25.0,SUBWAY+BUS,Osterstraße,53.57608,9.951689000000002,True,13.67,32.4,233.0,175.0,> 60 min,2.28,26.7,Low
E0090,Horn,53.55441,10.09749,84.0,2.0,31.0,BUS+METRO,U Horner Rennbahn,53.55445,10.08464,True,15.06,35.0,256.0,198.0,> 60 min,2.4,19.8,Low
E0091,Eimsbüttel,53.56949,9.96349,71.0,3.0,19.0,SUBWAY+BUS,Christuskirche,53.569588,9.962379,True,14.13,33.3,240.0,182.0,> 60 min,2.13,38.9,Low
E0092,Schnelsen,53.64766,9.90603,68.0,4.0,22.0,BUS,A Burgwedel,53.647118000000006,9.908993,True,10.24,25.7,174.0,116.0,> 60 min,2.65,8.6,Low
E0093,Rotherbaum/Harvestehude,53.56467,10.00282,77.0,2.0,22.0,BUS,Böttgerstraße,53.568493,9.995518,True,13.86,32.7,236.0,178.0,> 60 min,2.35,32.2,Low
E0094,Altona-Altstadt,53.54685,9.95848,86.0,3.0,17.0,BUS+SUBWAY,Bernhard-Nocht-Straße,53.54708,9.962838,True,16.59,38.0,282.0,224.0,> 60 min,2.26,30.5,Low
E0095,Niendorf,53.61557,9.97328,65.0,3.0,21.0,BUS,Warnckesweg,53.61092,9.974291,True,9.26,23.9,158.0,100.0,> 60 min,2.72,13.1,Low
E0096,Wilhelmsburg,53.49658,10.01496,97.0,3.0,32.0,METRO+SUBWAY+BUS,Wilhelmsburg,53.49893600000001,10.007006,True,21.23,46.9,361.0,303.0,> 60 min,2.07,20.3,Low
E0097,Hoheluft,53.59082,9.97211,75.0,3.0,20.0,BUS,UK Eppendorf,53.58884,9.975719000000002,True,11.73,28.6,200.0,142.0,> 60 min,2.62,17.8,Low
E0098,Billstedt,53.52871,10.09139,98.0,2.0,15.0,BUS,Pinkertweg (Mitte),53.527077,10.093264,True,17.79,40.3,303.0,245.0,> 60 min,2.43,28.1,Low
E0099,Winterhude,53.59962,9.97996,67.0,2.0,17.0,BUS,Lokstedter Weg,53.59665,9.984011,True,10.62,26.5,181.0,123.0,> 60 min,2.53,31.6,Low
E0100,Wedel,53.58874,9.69224,100.0,1.0,21.0,BUS,"Wedel, Markt",53.58432,9.700233,True,25.79,55.7,439.0,381.0,> 60 min,1.8,52.4,Medium
E0101,Elmshorn,53.76548,9.61469,126.0,4.0,37.0,BUS+REGIONAL_RAIL,"Raa-Besenbek, Achtern Knick",53.766270000000006,9.627280999999998,True,29.76,63.4,506.0,448.0,> 60 min,1.99,2.2,Low
E0102,Eidelstedt,53.59892,9.88071,85.0,3.0,19.0,BUS,Katzbachstraße,53.60103,9.88375,True,14.66,34.3,249.0,191.0,> 60 min,2.48,20.7,Low
E0103,Langenhorn,53.65091,10.01436,33.0,1.0,12.0,SUBWAY+BUS,Langenhorn Markt,53.649277,10.017293,True,4.5,14.7,77.0,19.0,31–45 min,2.24,52.7,Medium
E0104,Wedel,53.58139,9.69635,94.0,1.0,15.0,BUS,"Wedel, Markt",53.58432,9.700233,True,25.9,56.0,441.0,383.0,> 60 min,1.68,64.5,Medium
E0105,Norderstedt,53.69745,10.01521,28.0,1.0,22.0,BUS,"Glashütte, Jägerlauf",53.69156,10.022809,True,2.42,10.7,41.0,-17.0,≤ 30 min,2.62,27.6,Low
E0106,Eidelstedt,53.59692,9.91518,82.0,4.0,29.0,BUS+SUBWAY,S Stellingen,53.590008000000005,9.918838,True,13.22,31.5,225.0,167.0,> 60 min,2.6,1.6,Low
E0107,Uhlenhorst,53.57631,10.02008,72.0,2.0,15.0,BUS,Mozartstraße,53.578384,10.021857,True,12.38,29.9,211.0,153.0,> 60 min,2.41,38.0,Low
E0108,Langenhorn,53.66612,10.01522,31.0,1.0,19.0,BUS,Wattkorn,53.66468,10.023851,True,3.08,11.9,52.0,-6.0,31–45 min,2.61,30.7,Low
E0109,Winterhude,53.61228,9.99889,49.0,2.0,12.0,BUS,Alsterdorfer Damm,53.613426,9.999435000000002,True,8.84,23.0,150.0,92.0,46–60 min,2.13,55.0,Medium
E0110,Pinneberg,53.65193,9.77694,80.0,3.0,16.0,BUS,"Pinneberg, Blauer Kamp",53.65193,9.780290999999998,True,18.2,41.1,310.0,252.0,> 60 min,1.95,45.2,Medium
E0111,Uhlenhorst,53.56784,10.00704,87.0,2.0,24.0,BUS,Averhoffstraße,53.570396,10.017033,True,13.46,32.0,229.0,171.0,> 60 min,2.72,12.8,Low
E0112,Barmbek-Süd,53.57678,10.04321,72.0,3.0,20.0,BUS,Holsteinischer Kamp,53.576553,10.048697999999998,True,12.21,29.5,208.0,150.0,> 60 min,2.44,25.8,Low
E0113,Niendorf,53.62334,9.95082,55.0,2.0,13.0,BUS,An der Lohe,53.62395500000001,9.952130000000002,True,9.46,24.2,161.0,103.0,46–60 min,2.27,47.6,Medium
E0114,Farmsen-Berne,53.59911,10.12996,68.0,2.0,19.0,BUS,Timmendorfer Straße,53.60397,10.131154999999998,True,11.15,27.5,190.0,132.0,> 60 min,2.47,32.5,Low
E0115,Barmbek-Nord,53.61018,10.03821,47.0,2.0,12.0,BUS,Hebebrandstraße,53.60888,10.038520999999998,True,8.51,22.4,145.0,87.0,46–60 min,2.1,56.4,Medium
E0116,Ahrensburg,53.66747,10.23477,65.0,2.0,15.0,BUS,Bf. Ahrensburg,53.669617,10.236527,True,12.55,30.2,213.0,155.0,> 60 min,2.15,50.3,Medium
E0117,Duvenstedt/Lemsahl,53.70988,10.08183,30.0,1.0,20.0,BUS,"Tangstedt (OD), Puckaff",53.71399,10.076205,True,3.47,12.7,59.0,1.0,≤ 30 min,2.36,39.4,Low
E0118,Stellingen,53.59146,9.93135,70.0,4.0,21.0,BUS+SUBWAY,Rathaus Stellingen,53.592567,9.934620999999998,True,13.03,31.1,222.0,164.0,> 60 min,2.25,26.4,Low
E0119,Rotherbaum/Harvestehude,53.5646,9.99182,74.0,2.0,15.0,BUS,Fontenay,53.56466699999999,9.994539,True,14.04,33.1,239.0,181.0,> 60 min,2.24,43.7,Medium
E0120,Wilhelmsburg,53.47754,10.03565,113.0,4.0,38.0,BUS+METRO+REGIONAL_RAIL,Heuckenlock,53.476494,10.039832,True,23.25,50.8,395.0,337.0,> 60 min,2.22,0.0,Low
E0121,Steilshoop,53.61749,10.05558,62.0,2.0,21.0,BUS,Friedhof Ohlsdorf (Kapelle 10),53.620327,10.054879,True,7.7,20.8,131.0,73.0,> 60 min,2.98,8.5,Low
E0122,Bergedorf,53.49336,10.16573,93.0,2.0,27.0,METRO+BUS,Allermöhe,53.490356000000006,10.158735,True,22.86,50.1,389.0,331.0,> 60 min,1.86,40.7,Medium
E0123,Billstedt,53.52612,10.09436,96.0,2.0,13.0,BUS,Pinkertweg (Mitte),53.527077,10.093264,True,18.11,40.9,308.0,250.0,> 60 min,2.35,33.6,Low
E0124,St. Pauli,53.54464,9.96872,78.0,2.0,14.0,SUBWAY+BUS,Landungsbrücken,53.5459,9.9713,True,16.6,38.0,282.0,224.0,> 60 min,2.05,50.5,Medium
E0125,Rahlstedt,53.62996,10.13064,57.0,2.0,22.0,BUS,Karlshöher Weg,53.631725,10.137793,True,8.36,22.1,142.0,84.0,46–60 min,2.58,25.5,Low
E0126,Horn,53.54614,10.09264,83.0,2.0,16.0,SUBWAY+BUS,Legienstraße,53.54676,10.096534000000002,True,15.9,36.7,270.0,212.0,> 60 min,2.26,38.9,Low
E0127,Alsterdorf,53.62067,9.99527,47.0,2.0,15.0,BUS,Lufthansa-Basis,53.620743,9.998077999999998,True,8.08,21.6,137.0,79.0,46–60 min,2.18,50.0,Medium
E0128,Eimsbüttel,53.57699,9.97531,66.0,2.0,11.0,SUBWAY+BUS,Hoheluftbrücke,53.577633,9.976348,True,13.06,31.2,222.0,164.0,> 60 min,2.12,54.7,Medium
E0129,Winterhude,53.58279,9.9836,68.0,2.0,14.0,SUBWAY+BUS,Eppendorfer Baum,53.583763,9.985313,True,12.27,29.7,209.0,151.0,> 60 min,2.29,44.8,Medium
E0130,Steilshoop,53.60746,10.053,63.0,3.0,17.0,BUS,Schwarzer Weg,53.606182,10.055328,True,8.8,23.0,150.0,92.0,> 60 min,2.74,15.9,Low
E0131,Barmbek-Nord,53.61069,10.04271,50.0,2.0,16.0,BUS,Hebebrandstraße,53.60888,10.038520999999998,True,8.44,22.3,144.0,86.0,46–60 min,2.24,46.4,Medium
E0132,Elmshorn,53.73625,9.66125,97.0,4.0,24.0,BUS+REGIONAL_RAIL,"Elmshorn, Hebbelplatz",53.737972000000006,9.66192,True,25.98,56.1,442.0,384.0,> 60 min,1.73,34.0,Low
E0133,Farmsen-Berne,53.6008,10.13535,71.0,2.0,21.0,BUS,Boltenhagener Straße,53.60012,10.137990999999998,True,11.17,27.5,190.0,132.0,> 60 min,2.58,25.5,Low
E0134,Eppendorf,53.58923,9.97689,70.0,3.0,16.0,BUS,Eppendorfer Park (UKE),53.590500000000006,9.979573,True,11.76,28.7,200.0,142.0,> 60 min,2.44,30.0,Low
E0135,Steilshoop,53.61325,10.06532,76.0,2.0,18.0,BUS,Erich-Ziegel-Ring,53.611736,10.063314,True,8.24,21.9,140.0,82.0,> 60 min,3.47,0.0,Low
E0136,Rahlstedt,53.60827,10.11924,63.0,2.0,14.0,SUBWAY+BUS,Farmsen,53.60708,10.117806,True,9.92,25.1,169.0,111.0,> 60 min,2.51,35.5,Low
E0137,Bad Oldesloe,53.81638,10.35745,108.0,3.0,25.0,BUS,"Bad Oldesloe, Heimstraße",53.81134,10.360387,True,25.0,54.2,425.0,367.0,> 60 min,1.99,25.8,Low
E0138,Hamm,53.55565,10.04105,70.0,2.0,17.0,BUS+METRO,U Burgstraße,53.55564,10.04144,True,14.56,34.1,248.0,190.0,> 60 min,2.05,50.6,Medium
E0139,Norderstedt,53.70714,9.98935,32.0,1.0,10.0,BUS,U A Norderstedt Mitte,53.706944,9.99223,True,4.43,14.5,75.0,17.0,31–45 min,2.21,55.4,Medium
E0140,Billstedt,53.52461,10.11371,96.0,2.0,22.0,BUS,Unterer Landweg (Nord),53.526783,10.109982,True,18.53,41.7,315.0,257.0,> 60 min,2.3,27.5,Low
E0141,Horn,53.55369,10.08312,76.0,2.0,23.0,BUS+METRO,U Horner Rennbahn,53.55445,10.08464,True,14.96,34.9,254.0,196.0,> 60 min,2.18,38.1,Low
E0142,Horn,53.56216,10.08506,89.0,3.0,25.0,BUS+SUBWAY,Am Husarendenkmal,53.565144,10.077669,True,14.05,33.1,239.0,181.0,> 60 min,2.69,5.9,Low
E0143,Bargteheide,53.72829,10.25987,59.0,1.0,10.0,BUS,"Bargteheide, Am Markt",53.729237000000005,10.26053,True,14.76,34.5,251.0,193.0,46–60 min,1.71,80.1,High
E0144,Farmsen-Berne,53.60042,10.12378,74.0,2.0,21.0,BUS,Rahlstedter Weg (Mitte),53.602837,10.127669,True,10.83,26.9,184.0,126.0,> 60 min,2.75,17.5,Low
E0145,Hamm,53.55027,10.05239,91.0,3.0,24.0,BUS+METRO,Borstelmannsweg,53.55047999999999,10.04904,True,15.15,35.2,258.0,200.0,> 60 min,2.59,9.9,Low
E0146,Langenhorn,53.67499,9.99169,25.0,0.0,11.0,BUS,Dortmunder Straße,53.673653,9.99444,True,3.86,13.4,66.0,8.0,≤ 30 min,1.87,66.7,High
E0147,Alsterdorf,53.59652,10.02246,61.0,1.0,20.0,BUS,Dakarweg,53.602554000000005,10.025297,True,10.14,25.6,172.0,114.0,> 60 min,2.38,42.5,Medium
E0148,Poppenbüttel,53.68194,10.07816,,,,,,,,False,2.12,10.1,36.0,-22.0,,,,
E0149,Rotherbaum/Harvestehude,53.55838,9.98702,73.0,3.0,17.0,SUBWAY+BUS,Stephansplatz (Oper/CCH),53.558693,9.989383,True,14.79,34.5,252.0,194.0,> 60 min,2.12,40.3,Medium
E0150,Rahlstedt,53.59799,10.15275,63.0,1.0,21.0,BUS,Bf. Rahlstedt (Doberaner Weg),53.604668,10.153586000000002,True,12.06,29.3,205.0,147.0,> 60 min,2.15,52.1,Medium
E0151,Henstedt-Ulzburg,53.78064,9.98913,75.0,2.0,31.0,BUS,"Ulzburg-Süd, Dammstücken",53.77129,9.99276,True,11.14,27.5,189.0,131.0,> 60 min,2.73,9.3,Low
E0152,Pinneberg,53.66025,9.76509,84.0,3.0,24.0,BUS,"Appen, Pinnaubogen",53.659317,9.753755,True,18.8,42.3,320.0,262.0,> 60 min,1.99,35.1,Low
E0153,Eimsbüttel,53.58059,9.97827,78.0,2.0,24.0,SUBWAY+BUS,Eppendorfer Baum,53.583763,9.985313,True,12.62,30.3,215.0,157.0,> 60 min,2.57,21.7,Low
E0154,Volksdorf,53.65072,10.1576,51.0,1.0,16.0,BUS,Halenreie,53.653263,10.16026,True,8.3,22.0,141.0,83.0,46–60 min,2.32,49.3,Medium
E0155,Winterhude,53.59486,10.00788,62.0,1.0,16.0,BUS,Stadtpark (Planetarium),53.596466,10.01423,True,10.51,26.3,179.0,121.0,> 60 min,2.36,47.1,Medium
E0156,Lokstedt,53.59089,9.95884,75.0,4.0,23.0,BUS+SUBWAY,Veilchenweg (West),53.588493,9.957466000000002,True,12.12,29.4,206.0,148.0,> 60 min,2.55,11.4,Low
E0157,Langenhorn,53.6557,10.04252,46.0,2.0,24.0,BUS,Glashütter Landstraße,53.647923,10.041,True,3.44,12.6,59.0,1.0,46–60 min,3.65,0.0,Low
E0158,Bergedorf,53.48691,10.24402,110.0,2.0,15.0,BUS,"Wentorf, Höppnerallee",53.489037,10.242887,True,25.73,55.6,438.0,380.0,> 60 min,1.98,41.0,Medium
E0159,Stellingen,53.58317,9.93552,83.0,5.0,23.0,BUS+SUBWAY,Langenfelder Damm (Kieler Straße),53.58423,9.933615,True,13.64,32.3,232.0,174.0,> 60 min,2.57,1.3,Low
E0160,Norderstedt,53.70511,9.98775,34.0,1.0,12.0,BUS,U A Norderstedt Mitte,53.706944,9.99223,True,4.41,14.5,75.0,17.0,31–45 min,2.34,48.7,Medium
E0161,Winterhude,53.59742,10.01552,55.0,1.0,9.0,BUS,Stadtpark (Planetarium),53.596466,10.01423,True,10.12,25.5,172.0,114.0,46–60 min,2.16,61.9,Medium
E0162,Elmshorn,53.75076,9.62593,118.0,3.0,32.0,BUS+REGIONAL_RAIL,"Raa-Besenbek, Altendeich (Ost)",53.75209,9.627190999999998,True,28.61,61.2,487.0,429.0,> 60 min,1.93,18.3,Low
E0163,Bramfeld,53.61482,10.05756,74.0,3.0,25.0,BUS,Gustav-Seitz-Weg,53.608720000000005,10.059469000000002,True,8.0,21.4,136.0,78.0,> 60 min,3.46,0.0,Low
E0164,Rahlstedt,53.59721,10.15517,67.0,2.0,21.0,BUS,Liliencronpark,53.600574,10.152382,True,12.23,29.6,208.0,150.0,> 60 min,2.26,40.0,Low
E0165,Volksdorf,53.63194,10.13715,47.0,2.0,11.0,BUS,Karlshöher Weg,53.631725,10.137793,True,8.49,22.4,144.0,86.0,46–60 min,2.1,57.3,Medium
E0166,Altona-Altstadt,53.55089,9.93998,88.0,4.0,25.0,BUS+SUBWAY,Gerichtstraße,53.555695,9.943217999999998,True,16.65,38.1,283.0,225.0,> 60 min,2.31,14.2,Low
E0167,Henstedt-Ulzburg,53.76322,9.99307,59.0,2.0,18.0,BUS,"Rhen, Alter Postweg",53.75996,9.996956,True,9.24,23.8,157.0,99.0,46–60 min,2.48,33.4,Low
E0168,Quickborn,53.72972,9.89158,66.0,2.0,15.0,BUS,"Quickborn, Marktstraße",53.72837000000001,9.890352,True,11.3,27.8,192.0,134.0,> 60 min,2.37,40.8,Medium
E0169,Fuhlsbüttel,53.6261,10.02402,54.0,3.0,18.0,BUS+SUBWAY,Erdkampsweg (Ost),53.62832000000001,10.024380999999998,True,6.89,19.3,117.0,59.0,46–60 min,2.8,13.2,Low
E0170,Bad Oldesloe,53.81449,10.41212,121.0,3.0,29.0,BUS+REGIONAL_RAIL,"Bad Oldesloe, Sehmsdorfer Straße 75",53.81048599999999,10.402590000000002,True,27.91,59.8,475.0,417.0,> 60 min,2.02,16.5,Low
E0171,Niendorf,53.6242,9.9562,57.0,2.0,15.0,BUS,An der Lohe,53.62395500000001,9.952130000000002,True,9.15,23.6,156.0,98.0,46–60 min,2.42,39.0,Low
E0172,Eilbek,53.56717,10.05153,68.0,1.0,21.0,METRO+BUS,Hasselbrook,53.564713000000005,10.056129,True,13.27,31.6,226.0,168.0,> 60 min,2.15,50.4,Medium
E0173,Bramfeld,53.62125,10.09203,72.0,3.0,20.0,BUS,Fahrenkrön,53.619457,10.096767,True,7.84,21.1,133.0,75.0,> 60 min,3.41,0.0,Low
E0174,Bargteheide,53.72331,10.24973,62.0,1.0,16.0,BUS,"Bargteheide, Friedhof",53.72626,10.247926999999995,True,13.96,32.9,237.0,179.0,> 60 min,1.88,67.2,High
E0175,Barmbek-Nord,53.60165,10.04886,58.0,2.0,22.0,BUS,AK Barmbek,53.60492,10.040057,True,9.44,24.2,161.0,103.0,46–60 min,2.4,33.5,Low
E0176,Rahlstedt,53.62298,10.14672,45.0,1.0,10.0,BUS,Schierenberg,53.62453000000001,10.145932,True,9.65,24.6,164.0,106.0,31–45 min,1.83,77.3,High
E0177,Rotherbaum/Harvestehude,53.56745,9.99302,71.0,2.0,14.0,BUS,Böttgerstraße,53.568493,9.995518,True,13.71,32.4,233.0,175.0,> 60 min,2.19,47.6,Medium
E0178,Glinde/Barsbüttel,53.5423,10.21676,106.0,3.0,23.0,BUS+SUBWAY+METRO,"Glinde, An der alten Wache",53.543392,10.218534,True,19.56,43.7,333.0,275.0,> 60 min,2.43,11.6,Low
E0179,Pinneberg,53.63248,9.77577,102.0,1.0,33.0,BUS,"Appen-Etz, Rollbarg",53.638096000000004,9.760699,True,18.85,42.4,321.0,263.0,> 60 min,2.41,17.8,Low
E0180,Hummelsbüttel,53.64174,10.0113,,,,,,,,False,5.51,16.6,94.0,36.0,,,,
E0181,Pinneberg,53.64536,9.77436,80.0,2.0,15.0,BUS,"Pinneberg, Eggerstedter Weg (West)",53.64464,9.772413,True,18.53,41.7,315.0,257.0,> 60 min,1.92,53.8,Medium
E0182,Pinneberg,53.65299,9.80681,66.0,2.0,21.0,BUS,"Pinneberg, Klinikum Pinneberg",53.65726,9.812244000000002,True,16.25,37.3,276.0,218.0,> 60 min,1.77,59.0,Medium
E0183,Eilbek,53.56677,10.03675,73.0,2.0,22.0,SUBWAY+METRO+BUS,Wartenau,53.56473,10.035655,True,13.33,31.7,227.0,169.0,> 60 min,2.3,35.5,Low
E0184,Fuhlsbüttel,53.63366,10.02607,41.0,1.0,20.0,BUS,Heinrich-Traun-Platz,53.633500000000005,10.034541,True,6.04,17.6,103.0,45.0,31–45 min,2.33,44.2,Medium
E0185,Norderstedt,53.68438,9.98669,25.0,1.0,9.0,BUS,U Garstedt,53.684757,9.984667,True,3.98,13.7,68.0,10.0,≤ 30 min,1.82,69.7,High
E0186,Bergedorf,53.4957,10.20775,96.0,2.0,25.0,BUS+METRO,Lohbrügger Kirchstraße,53.498566,10.203002,True,23.72,51.7,403.0,345.0,> 60 min,1.86,41.5,Medium
E0187,Altona-Altstadt,53.55188,9.94487,85.0,4.0,22.0,BUS+SUBWAY,Gerichtstraße,53.555695,9.943217999999998,True,16.42,37.7,279.0,221.0,> 60 min,2.25,20.2,Low
E0188,Billstedt,53.54842,10.08013,80.0,2.0,24.0,BUS+METRO,Horner Rampe,53.547806,10.08535,True,15.51,35.9,264.0,206.0,> 60 min,2.23,33.9,Low
E0189,Hummelsbüttel,53.6479,10.0383,33.0,2.0,13.0,BUS,Lademannbogen,53.648810000000005,10.036886,True,4.33,14.4,74.0,16.0,31–45 min,2.29,43.1,Medium
E0190,Langenhorn,53.64663,9.98248,44.0,2.0,18.0,BUS,Krohnstiegtunnel,53.649433,9.988296,True,6.14,17.8,104.0,46.0,31–45 min,2.47,34.3,Low
E0191,Bargteheide,53.73417,10.25095,80.0,2.0,13.0,BUS,"Bargteheide, Neue Straße",53.733160000000005,10.250792,True,14.43,33.8,245.0,187.0,> 60 min,2.37,38.5,Low
E0192,Bramfeld,53.60478,10.07046,70.0,4.0,18.0,BUS,Rahnstraße,53.606117000000005,10.07121,True,9.22,23.8,157.0,99.0,> 60 min,2.94,0.0,Low
E0193,Winterhude,53.60502,9.97081,69.0,3.0,23.0,BUS,Stavenhagenstraße,53.60968,9.968704,True,10.36,26.0,176.0,118.0,> 60 min,2.65,14.0,Low
E0194,Henstedt-Ulzburg,53.77604,9.96028,83.0,2.0,35.0,BUS,A Ulzburg Süd,53.773766,9.973374999999999,True,11.47,28.1,195.0,137.0,> 60 min,2.95,0.0,Low
E0195,Eimsbüttel,53.58669,9.95562,73.0,4.0,21.0,BUS+SUBWAY,Veilchenweg (West),53.588493,9.957466000000002,True,12.63,30.4,215.0,157.0,> 60 min,2.4,19.6,Low
E0196,Barmbek-Nord,53.61037,10.02723,49.0,1.0,20.0,BUS,Stiftung Alsterdorf,53.614895,10.022028,True,8.57,22.5,146.0,88.0,46–60 min,2.18,52.1,Medium
E0197,Harburg,53.4488,9.99017,103.0,4.0,33.0,BUS+REGIONAL_RAIL+SUBWAY+METRO,Reeseberg,53.45078,9.987721,True,26.7,57.5,454.0,396.0,> 60 min,1.79,21.5,Low
E0198,Bad Bramstedt,53.91952,9.8899,101.0,3.0,31.0,REGIONAL_RAIL+BUS+SUBWAY,Bad Bramstedt,53.920593,9.890162,True,27.89,59.8,474.0,416.0,> 60 min,1.69,34.3,Low
E0199,Barmbek-Süd,53.58169,10.04712,65.0,3.0,16.0,BUS,Langenrehm,53.582874,10.047197999999998,True,11.66,28.5,198.0,140.0,> 60 min,2.28,37.6,Low
E0200,Niendorf,53.62158,9.96244,62.0,2.0,18.0,BUS,Fuhlsbütteler Weg,53.62232000000001,9.954878,True,9.12,23.6,155.0,97.0,> 60 min,2.63,26.5,Low
E0201,Norderstedt,53.71291,9.96853,60.0,1.0,38.0,BUS,U A Norderstedt Mitte,53.706944,9.992230000000001,True,5.94,17.5,101.0,43.0,46–60 min,3.43,0.0,Low
E0202,Wedel,53.56277,9.71443,,,,,,,,False,25.89,55.9,440.0,382.0,,,,
E0203,Horn,53.56031,10.07857,84.0,2.0,31.0,BUS+METRO,U Horner Rennbahn,53.55445,10.08464,True,14.19,33.4,241.0,183.0,> 60 min,2.51,15.6,Low
E0204,Eimsbüttel,53.56012,9.95327,75.0,4.0,16.0,BUS+SUBWAY,Sternbrücke,53.56051000000001,9.953594000000002,True,15.35,35.6,261.0,203.0,> 60 min,2.11,34.4,Low
E0205,Rahlstedt,53.61503,10.19727,83.0,2.0,31.0,BUS,Naturschutzgebiet Höltigbaum,53.6112,10.183527,True,12.7,30.5,216.0,158.0,> 60 min,2.72,7.9,Low
E0206,Wandsbek,53.58513,10.07924,76.0,2.0,18.0,BUS+METRO,Friedrich-Ebert-Damm (West),53.5847,10.077732,True,11.47,28.1,195.0,137.0,> 60 min,2.7,22.3,Low
E0207,Eimsbüttel,53.56785,9.95215,71.0,3.0,20.0,SUBWAY+BUS,Emilienstraße,53.57166699999999,9.952660000000002,True,14.6,34.2,248.0,190.0,> 60 min,2.08,39.9,Low
E0208,Lokstedt,53.60091,9.94563,64.0,3.0,20.0,SUBWAY+BUS,Hagendeel,53.603886,9.945275,True,11.63,28.4,198.0,140.0,> 60 min,2.25,35.5,Low
E0209,Winterhude,53.61239,10.02285,45.0,1.0,15.0,BUS,Knappe Böge,53.61267,10.016566,True,8.39,22.2,143.0,85.0,31–45 min,2.03,63.4,Medium
E0210,Horn,53.55995,10.07969,81.0,3.0,26.0,BUS+METRO,Tribünenweg,53.55947,10.080984,True,14.24,33.5,242.0,184.0,> 60 min,2.42,18.0,Low
E0211,Schnelsen,53.6407,9.92921,77.0,4.0,30.0,BUS,Modering,53.637894,9.920922,True,9.28,23.9,158.0,100.0,> 60 min,3.22,0.0,Low
E0212,Farmsen-Berne,53.60998,10.135,68.0,3.0,18.0,BUS,Alter Zollweg,53.608326000000005,10.137200999999996,True,10.3,25.9,175.0,117.0,> 60 min,2.63,19.6,Low
E0213,Barmbek-Süd,53.58745,10.05229,63.0,1.0,22.0,METRO+BUS,Barmbek,53.58745999999999,10.044164,True,11.02,27.3,187.0,129.0,> 60 min,2.31,43.9,Medium
E0214,Norderstedt,53.71019,10.01872,28.0,1.0,14.0,BUS,"Harksheide, Schützenwall",53.7077,10.02307,True,3.22,12.2,55.0,-3.0,≤ 30 min,2.3,47.0,Medium
E0215,Eidelstedt,53.58995,9.9062,79.0,4.0,24.0,BUS+SUBWAY,Schnackenburgallee,53.591873,9.905696000000002,True,14.19,33.4,241.0,183.0,> 60 min,2.37,15.9,Low
E0216,Wellingsbüttel,53.63766,10.06771,45.0,1.0,17.0,METRO+BUS,Hoheneichen,53.63548,10.067648,True,5.6,16.8,95.0,37.0,31–45 min,2.68,32.9,Low
E0217,Eimsbüttel,53.58845,9.97413,74.0,3.0,19.0,BUS,UK Eppendorf,53.58884,9.975719000000002,True,11.92,29.0,203.0,145.0,> 60 min,2.55,21.9,Low
E0218,Winterhude,53.60687,10.00327,50.0,2.0,10.0,BUS,Carl-Cohn-Straße,53.606907,10.003953,True,9.31,24.0,158.0,100.0,46–60 min,2.08,59.0,Medium
E0219,Elmshorn,53.76751,9.65319,108.0,4.0,29.0,BUS+REGIONAL_RAIL,"Elmshorn, Fuchsberger Damm",53.76923800000001,9.656916,True,27.43,58.9,467.0,409.0,> 60 min,1.83,21.8,Low
E0220,Ottensen,53.55322,9.9075,100.0,5.0,24.0,BUS+SUBWAY,Griegstraße,53.55426799999999,9.910403,True,17.44,39.6,297.0,239.0,> 60 min,2.53,0.0,Low
E0221,Niendorf,53.62397,9.95097,53.0,2.0,11.0,BUS,An der Lohe,53.62395500000001,9.952130000000002,True,9.4,24.1,160.0,102.0,46–60 min,2.2,52.7,Medium
E0222,Horn,53.54288,10.08943,86.0,2.0,30.0,BUS+METRO,Horner Rampe,53.547806,10.08535,True,16.22,37.3,276.0,218.0,> 60 min,2.31,23.4,Low
E0223,Bergedorf,53.48804,10.24651,110.0,2.0,15.0,BUS,"Wentorf, Höppnerallee",53.489037,10.242887,True,25.7,55.6,437.0,379.0,> 60 min,1.98,41.0,Medium
E0224,Bad Oldesloe,53.81994,10.37418,120.0,3.0,27.0,BUS+REGIONAL_RAIL,"Bad Oldesloe, Waldstraße",53.816128,10.377527,True,26.13,56.4,444.0,386.0,> 60 min,2.13,14.5,Low
E0225,Langenhorn,53.66274,10.01078,38.0,1.0,19.0,SUBWAY+BUS,Langenhorn Nord,53.661003,10.01759,True,3.56,12.9,61.0,3.0,31–45 min,2.95,18.0,Low
E0226,Elmshorn,53.75197,9.63568,108.0,4.0,32.0,BUS+REGIONAL_RAIL,"Elmshorn, Turnstraße",53.75476,9.642337,True,28.02,60.0,477.0,419.0,> 60 min,1.8,20.2,Low
E0227,Rahlstedt,53.59989,10.14029,71.0,2.0,23.0,BUS,Forum Gymnasium Rahlstedt,53.60032,10.142554,True,11.43,28.0,194.0,136.0,> 60 min,2.54,25.5,Low
E0228,Volksdorf,53.6365,10.17118,59.0,1.0,16.0,BUS,Ringstraße,53.635670000000005,10.163027,True,9.9,25.1,168.0,110.0,46–60 min,2.35,47.6,Medium
E0229,Wilhelmsburg,53.4997,9.9757,124.0,4.0,28.0,BUS+METRO+SUBWAY,Eversween (Nord),53.498894,9.974821,True,21.3,47.1,362.0,304.0,> 60 min,2.63,0.0,Low
E0230,Winterhude,53.59502,10.01274,56.0,1.0,10.0,BUS,Stadtpark (Planetarium),53.596466,10.01423,True,10.42,26.1,177.0,119.0,46–60 min,2.15,62.4,Medium
E0231,Eimsbüttel,53.58347,9.96513,77.0,3.0,19.0,BUS,Gärtnerstraße,53.584873,9.96918,True,12.67,30.4,216.0,158.0,> 60 min,2.53,21.6,Low
E0232,St. Pauli,53.55019,9.95624,85.0,5.0,18.0,BUS+SUBWAY,S Reeperbahn,53.55004,9.955786000000003,True,16.3,37.4,277.0,219.0,> 60 min,2.27,16.5,Low
E0233,Wedel,53.57325,9.70496,101.0,3.0,17.0,BUS,"Wedel, Bei der Doppeleiche",53.574257,9.706314999999998,True,25.83,55.8,439.0,381.0,> 60 min,1.81,42.3,Medium
E0234,Harburg,53.46379,10.0036,114.0,4.0,33.0,BUS+REGIONAL_RAIL+SUBWAY+METRO,Neuland,53.462894,10.003891,True,24.93,54.1,424.0,366.0,> 60 min,2.11,5.5,Low
E0235,Elmshorn,53.765,9.65088,109.0,4.0,36.0,BUS+REGIONAL_RAIL,"Elmshorn, Hasenbusch",53.76098,9.643594,True,27.48,59.0,467.0,409.0,> 60 min,1.85,14.4,Low
E0236,Norderstedt,53.68009,10.00183,20.0,1.0,11.0,BUS,U Ochsenzoll,53.678185000000006,10.000827,True,3.06,11.9,52.0,-6.0,≤ 30 min,1.68,73.3,High
E0237,Hamm,53.55552,10.05474,74.0,2.0,18.0,SUBWAY+METRO+BUS,Hammer Kirche,53.555676,10.055553000000002,True,14.58,34.1,248.0,190.0,> 60 min,2.17,43.7,Medium
E0238,Norderstedt,53.69075,10.01647,17.0,1.0,10.0,BUS,"Harksheide, Kreuzweg",53.68975,10.014383,True,2.06,10.0,35.0,-23.0,≤ 30 min,1.7,73.4,High
E0239,Rahlstedt,53.59494,10.14293,63.0,1.0,18.0,BUS,Birkenallee (Süd),53.59772,10.141287999999998,True,11.99,29.1,204.0,146.0,> 60 min,2.16,54.4,Medium
E0240,Winterhude,53.59849,9.99485,60.0,2.0,16.0,BUS,Lattenkampstieg,53.59746,9.997036,True,10.37,26.0,176.0,118.0,46–60 min,2.31,42.9,Medium
E0241,Henstedt-Ulzburg,53.79693,9.98325,67.0,2.0,13.0,BUS,A Henstedt-Ulzburg,53.795150000000014,9.982475,True,12.97,31.0,221.0,163.0,> 60 min,2.16,51.0,Medium
E0242,Norderstedt,53.68177,9.99768,25.0,1.0,12.0,BUS,"Garstedt, Görlitzer Weg",53.681812,9.995258,True,3.29,12.3,56.0,-2.0,≤ 30 min,2.03,59.1,Medium
E0243,Bramfeld,53.62938,10.05341,50.0,1.0,20.0,METRO+BUS,Kornweg (Klein Borstel),53.632380000000005,10.053841,True,6.37,18.3,108.0,50.0,46–60 min,2.73,27.7,Low
E0244,Poppenbüttel,53.63995,10.05719,31.0,1.0,14.0,BUS,Am Gehöckel,53.640163,10.055059000000002,True,5.22,16.1,89.0,31.0,31–45 min,1.93,63.6,Medium
E0245,Harburg,53.46029,9.98349,96.0,3.0,24.0,METRO+SUBWAY+BUS,Harburg Rathaus,53.460644,9.980327999999998,True,25.5,55.2,434.0,376.0,> 60 min,1.74,40.4,Medium
E0246,Ahrensburg,53.67282,10.24543,70.0,2.0,24.0,BUS,"Ahrensburg, Klaus-Groth-Straße",53.674946,10.236869,True,13.16,31.4,224.0,166.0,> 60 min,2.23,37.4,Low
E0247,Harburg,53.43327,9.98933,111.0,4.0,35.0,BUS+REGIONAL_RAIL+SUBWAY+METRO,Am Frankenberg,53.436092,9.985412000000002,True,28.42,60.8,483.0,425.0,> 60 min,1.83,15.4,Low
E0248,St. Pauli,53.55781,9.95398,79.0,4.0,20.0,BUS+SUBWAY,Sternbrücke,53.56051000000001,9.953594000000002,True,15.57,36.0,265.0,207.0,> 60 min,2.19,26.4,Low
E0249,Altona-Altstadt,53.54572,9.93777,95.0,4.0,29.0,BUS+SUBWAY,Bf. Altona,53.55178,9.933858,True,17.23,39.2,293.0,235.0,> 60 min,2.42,3.9,Low
E0250,City (Alt-/Neustadt),53.54553,9.98739,83.0,2.0,17.0,SUBWAY+BUS,Baumwall (Elbphilharmonie),53.544254,9.981316,True,16.16,37.2,275.0,217.0,> 60 min,2.23,39.2,Low
E0251,Bergedorf,53.50613,10.24728,103.0,2.0,24.0,METRO+BUS,Reinbek,53.508396000000005,10.253335,True,24.02,52.3,409.0,351.0,> 60 min,1.97,35.7,Low
E0252,Ahrensburg,53.67064,10.25648,77.0,3.0,27.0,BUS,"Ahrensburg, Manhagener Allee",53.670010000000005,10.242735,True,13.91,32.8,237.0,179.0,> 60 min,2.35,21.2,Low
E0253,Uhlenhorst,53.57318,10.03103,73.0,2.0,28.0,SUBWAY+METRO+BUS,Hamburger Straße,53.57444,10.037344,True,12.65,30.4,215.0,157.0,> 60 min,2.4,26.3,Low
E0254,Bramfeld,53.61407,10.0741,72.0,3.0,17.0,BUS,Bramfelder Dorfplatz,53.614902,10.076205,True,8.25,21.9,140.0,82.0,> 60 min,3.29,0.0,Low
E0255,Bramfeld,53.61865,10.12286,62.0,2.0,17.0,BUS,Hermelinweg,53.616158000000006,10.121964999999998,True,9.05,23.5,154.0,96.0,> 60 min,2.64,26.9,Low
E0256,Hummelsbüttel,53.65481,10.03195,43.0,2.0,24.0,BUS,Am Schulwald,53.650173,10.027085,True,3.66,13.1,62.0,4.0,31–45 min,3.28,0.0,Low
E0257,Quickborn,53.73669,9.89721,69.0,2.0,24.0,BUS,"Quickborn, Ärztezentrum",53.73476,9.902947,True,11.32,27.8,193.0,135.0,> 60 min,2.48,27.5,Low
E0258,Winterhude,53.59208,10.01163,,,,,,,,False,10.76,26.8,183.0,125.0,,,,
E0259,Billstedt,53.54037,10.10535,84.0,1.0,15.0,BUS,Billstedter Hauptstraße,53.540855,10.101366999999998,True,16.7,38.2,284.0,226.0,> 60 min,2.2,48.2,Medium
E0260,Harburg,53.46014,9.98839,96.0,3.0,29.0,REGIONAL_RAIL+SUBWAY+METRO+BUS,Hamburg-Harburg (DB),53.45591,9.991701,True,25.47,55.1,433.0,375.0,> 60 min,1.74,35.9,Low
E0261,Eimsbüttel,53.5784,9.92721,82.0,5.0,27.0,METRO+BUS+SUBWAY,Langenfelde,53.579693,9.93092,True,14.38,33.7,245.0,187.0,> 60 min,2.43,3.4,Low
E0262,Henstedt-Ulzburg,53.802,9.95915,95.0,3.0,24.0,BUS,"Ulzburg, Rudolf-Diesel-Straße (Mitte)",53.805122,9.953127,True,14.08,33.2,240.0,182.0,> 60 min,2.86,0.0,Low
E0263,Niendorf,53.60558,9.94907,63.0,3.0,19.0,SUBWAY+BUS,Hagendeel,53.603886,9.945275,True,11.07,27.3,188.0,130.0,> 60 min,2.31,33.7,Low
E0264,Eimsbüttel,53.57567,9.94312,73.0,3.0,24.0,SUBWAY+BUS,Osterstraße,53.57608,9.951689000000002,True,14.1,33.2,240.0,182.0,> 60 min,2.2,31.0,Low
E0265,Elmshorn,53.76231,9.63153,121.0,4.0,32.0,BUS+REGIONAL_RAIL,"Raa-Besenbek, Achtern Knick",53.766270000000006,9.627280999999998,True,28.6,61.2,486.0,428.0,> 60 min,1.98,8.9,Low
E0266,Barmbek-Nord,53.60215,10.03345,56.0,1.0,19.0,METRO+BUS,Rübenkamp (City Nord),53.605970000000006,10.033083,True,9.42,24.2,160.0,102.0,46–60 min,2.31,46.8,Medium
E0267,Langenhorn,53.65949,10.01491,29.0,1.0,15.0,BUS,Timmerloh,53.658337,10.020357,True,3.67,13.1,62.0,4.0,≤ 30 min,2.21,49.9,Medium
E0268,Eimsbüttel,53.56694,9.96127,71.0,3.0,19.0,SUBWAY+BUS,Christuskirche,53.569588,9.962379,True,14.45,33.9,246.0,188.0,> 60 min,2.09,40.4,Medium
E0269,Winterhude,53.5965,9.97578,66.0,2.0,14.0,BUS,Frickestraße,53.59769,9.977902,True,11.05,27.3,188.0,130.0,> 60 min,2.42,39.4,Low
E0270,Rahlstedt,53.57458,10.15672,86.0,2.0,21.0,BUS,"Barsbüttel, Zum Dicken Busch",53.56957200000001,10.15284,True,14.4,33.8,245.0,187.0,> 60 min,2.54,22.7,Low
E0271,Billstedt,53.53735,10.09801,84.0,1.0,15.0,BUS,Billstedter Hauptstraße,53.540855,10.101366999999998,True,16.93,38.7,288.0,230.0,> 60 min,2.17,49.4,Medium
E0272,Barmbek-Nord,53.6048,10.04253,51.0,2.0,14.0,BUS,AK Barmbek,53.60492,10.040057,True,9.09,23.5,155.0,97.0,46–60 min,2.17,51.4,Medium
E0273,Rahlstedt,53.61527,10.13211,67.0,2.0,20.0,SUBWAY+BUS,Oldenfelde,53.61753,10.128854999999998,True,9.71,24.7,165.0,107.0,> 60 min,2.71,20.7,Low
E0274,Steilshoop,53.60297,10.0475,55.0,2.0,19.0,BUS,AK Barmbek,53.60492,10.040057,True,9.29,23.9,158.0,100.0,46–60 min,2.3,40.8,Medium
E0275,Lokstedt,53.60502,9.97094,69.0,3.0,23.0,BUS,Stavenhagenstraße,53.60968,9.968704,True,10.36,26.0,176.0,118.0,> 60 min,2.65,14.0,Low
E0276,Ottensen,53.54941,9.89398,106.0,5.0,28.0,BUS+SUBWAY,Halbmondsweg,53.54644,9.888367,True,18.28,41.3,311.0,253.0,> 60 min,2.57,0.0,Low
E0277,Fuhlsbüttel,53.62378,10.008,51.0,2.0,22.0,BUS,Zeppelinstraße,53.627396000000005,10.009289,True,7.43,20.3,126.0,68.0,46–60 min,2.51,28.9,Low
E0278,Horn,53.5481,10.08543,72.0,2.0,17.0,BUS+METRO,Horner Rampe,53.547806,10.08535,True,15.6,36.1,265.0,207.0,> 60 min,1.99,52.1,Medium
E0279,Bad Bramstedt,53.91935,9.87751,130.0,4.0,36.0,BUS+REGIONAL_RAIL+SUBWAY,"Bad Bramstedt, Bleeck",53.91781999999999,9.882663,True,28.18,60.3,479.0,421.0,> 60 min,2.16,0.0,Low
E0280,Ahrensburg,53.68449,10.21518,80.0,3.0,21.0,BUS+SUBWAY,"Ahrensburg, Rosenweg",53.68381,10.222523,True,11.08,27.4,188.0,130.0,> 60 min,2.92,2.7,Low
E0281,Rahlstedt,53.58993,10.16773,72.0,2.0,22.0,BUS,Seniorensitz Am Hegen,53.59286,10.171597,True,13.37,31.8,227.0,169.0,> 60 min,2.26,37.4,Low
E0282,Barmbek-Nord,53.59425,10.04436,51.0,2.0,10.0,BUS,Hermann-Kauffmann-Straße,53.59439,10.044126,True,10.26,25.8,175.0,117.0,46–60 min,1.98,63.9,Medium
E0283,Bramfeld,53.61603,10.06964,77.0,4.0,22.0,BUS,Leeschenblick,53.61386,10.071399,True,7.98,21.4,136.0,78.0,> 60 min,3.6,0.0,Low
E0284,Bramfeld,53.63088,10.06204,54.0,1.0,24.0,METRO+BUS,Kornweg (Klein Borstel),53.632380000000005,10.053841,True,6.27,18.1,107.0,49.0,46–60 min,2.98,13.1,Low
E0285,Farmsen-Berne,53.62454,10.11375,65.0,2.0,24.0,BUS+METRO,Buddenbrookweg,53.62566,10.116854,True,8.18,21.8,139.0,81.0,> 60 min,2.98,5.4,Low
E0286,St. Pauli,53.54361,9.96356,86.0,2.0,22.0,SUBWAY+BUS,Landungsbrücken,53.5459,9.9713,True,16.82,38.4,286.0,228.0,> 60 min,2.24,33.2,Low
E0287,Rahlstedt,53.58693,10.14016,75.0,2.0,18.0,BUS,Berliner Platz,53.58403,10.140596,True,12.66,30.4,215.0,157.0,> 60 min,2.47,31.9,Low
E0288,Altona-Altstadt,53.55038,9.95033,91.0,4.0,28.0,BUS+SUBWAY,Gerichtstraße,53.555695,9.943217999999998,True,16.43,37.7,279.0,221.0,> 60 min,2.41,6.6,Low
E0289,Poppenbüttel,53.6534,10.09822,30.0,0.0,15.0,BUS,S Poppenbüttel (Wentzelplatz),53.6515,10.092366,True,5.0,15.6,85.0,27.0,≤ 30 min,1.92,62.8,Medium
E0290,Winterhude,53.60526,10.01838,48.0,1.0,16.0,BUS,U Alsterdorf,53.607162,10.012442000000002,True,9.23,23.8,157.0,99.0,46–60 min,2.02,63.0,Medium
E0291,Henstedt-Ulzburg,53.80035,10.00418,88.0,2.0,23.0,BUS,"Kisdorf, Grootredder",53.807766,10.007259,True,12.97,31.0,221.0,163.0,> 60 min,2.84,8.8,Low
E0292,Rahlstedt,53.57567,10.14988,80.0,2.0,19.0,BUS,Bekkamp,53.576256,10.143552,True,14.07,33.1,239.0,181.0,> 60 min,2.42,31.2,Low
E0293,Elmshorn,53.74533,9.65491,101.0,4.0,31.0,BUS+REGIONAL_RAIL,"Elmshorn, Reichenstraße (Ost)",53.748127,9.659494000000002,True,26.61,57.3,453.0,395.0,> 60 min,1.76,25.1,Low
E0294,Winterhude,53.59143,9.99787,66.0,2.0,20.0,BUS,Winterhuder Marktplatz,53.594723,9.999381,True,11.06,27.3,188.0,130.0,> 60 min,2.42,34.0,Low
E0295,Kaltenkirchen,53.85582,9.95728,120.0,3.0,43.0,BUS+SUBWAY,"Kaltenkirchen, Luise-Otto-Weg",53.841915,9.959873,True,19.73,44.1,336.0,278.0,> 60 min,2.72,0.0,Low
E0296,Pinneberg,53.65914,9.78528,68.0,2.0,13.0,BUS,"Pinneberg, Mühlenstraße",53.659534,9.78684,True,17.5,39.8,298.0,240.0,> 60 min,1.71,67.8,High
E0297,Glinde/Barsbüttel,53.54583,10.20011,108.0,3.0,29.0,BUS+SUBWAY+METRO,"Glinde, Havighorster Weg",53.540478,10.200981,True,18.62,41.9,317.0,259.0,> 60 min,2.58,0.0,Low
E0298,Norderstedt,53.70717,10.03983,42.0,1.0,34.0,BUS,"Glashütte, Hofweg",53.696740000000005,10.04904,True,2.34,10.5,40.0,-18.0,31–45 min,4.0,0.0,Low
E0299,Norderstedt,53.72636,10.01793,51.0,2.0,23.0,BUS,"Harkshörn, Harckesheyde (Ost)",53.723180000000006,10.023231,True,4.82,15.3,82.0,24.0,46–60 min,3.33,0.0,Low
E0300,Bergedorf,53.49607,10.1899,99.0,3.0,29.0,BUS+METRO,Moosberg (Pflegezentrum),53.4979,10.181990999999998,True,23.18,50.7,394.0,336.0,> 60 min,1.95,26.9,Low
E0301,Norderstedt,53.69859,10.03407,22.0,1.0,18.0,BUS,"Glashütte, Eiderstraße",53.693783,10.030058,True,1.59,9.1,27.0,-31.0,≤ 30 min,2.42,38.8,Low
E0302,Eimsbüttel,53.58193,9.95471,69.0,3.0,22.0,SUBWAY+BUS,Lutterothstraße,53.582058,9.947701,True,13.12,31.3,223.0,165.0,> 60 min,2.2,34.2,Low
E0303,Sasel,53.66098,10.11907,41.0,1.0,18.0,BUS,Schönsberg,53.659348,10.113898,True,5.53,16.7,94.0,36.0,31–45 min,2.46,40.3,Medium
E0304,Eilbek,53.574,10.04731,67.0,1.0,24.0,METRO+BUS,Friedrichsberg,53.576330000000006,10.057433,True,12.51,30.1,213.0,155.0,> 60 min,2.23,45.0,Medium
E0305,Ahrensburg,53.67044,10.23137,65.0,2.0,17.0,BUS,"Ahrensburg, An der Reitbahn",53.671787,10.235036,True,12.28,29.7,209.0,151.0,> 60 min,2.19,47.0,Medium
E0306,Hamm,53.53349,10.06129,109.0,3.0,36.0,BUS+METRO,Mühlenhagen,53.536633,10.067518,True,17.04,38.9,290.0,232.0,> 60 min,2.8,0.0,Low
E0307,Altona-Altstadt,53.52611,9.92845,129.0,5.0,23.0,BUS+METRO+SUBWAY,Container Terminal Burchardkai,53.526882,9.929789,True,19.48,43.6,331.0,273.0,> 60 min,2.96,0.0,Low
E0308,Wilhelmsburg,53.50042,10.01917,105.0,4.0,28.0,BUS+METRO+SUBWAY,Im Schönenfelde,53.500416,10.017670999999998,True,20.77,46.1,353.0,295.0,> 60 min,2.28,6.7,Low
E0309,Langenhorn,53.64721,9.99747,41.0,2.0,19.0,BUS,Samlandweg,53.648663,10.0031,True,5.45,16.5,93.0,35.0,31–45 min,2.48,32.1,Low
E0310,Eimsbüttel,53.58596,9.9458,68.0,3.0,21.0,SUBWAY+BUS,Lutterothstraße,53.582058,9.947701,True,13.02,31.1,221.0,163.0,> 60 min,2.19,35.8,Low
E0311,Hamm,53.5697,10.05698,60.0,1.0,15.0,METRO+BUS,Wandsbeker Chaussee,53.56973300000001,10.059975,True,13.01,31.1,221.0,163.0,46–60 min,1.93,66.9,High
E0312,St. Pauli,53.55204,9.97593,82.0,3.0,27.0,SUBWAY+BUS,Messehallen,53.5582,9.976734000000002,True,15.67,36.2,267.0,209.0,> 60 min,2.27,22.5,Low
E0313,Bramfeld,53.61631,10.05596,81.0,2.0,24.0,BUS,Gründgensstraße (Mitte),53.610203,10.061877,True,7.83,21.1,133.0,75.0,> 60 min,3.84,0.0,Low
E0314,Hoheluft,53.58245,9.97472,77.0,3.0,16.0,BUS+SUBWAY,Eppendorfer Weg (Ost),53.582176,9.971677,True,12.51,30.1,213.0,155.0,> 60 min,2.56,23.1,Low
E0315,Hoheluft,53.57618,9.97295,80.0,4.0,20.0,BUS+SUBWAY,Bogenstraße,53.57406,9.973006000000002,True,13.2,31.5,225.0,167.0,> 60 min,2.54,12.7,Low
E0316,Ohlsdorf,53.62055,10.03987,41.0,1.0,16.0,BUS,U S Ohlsdorf (Fuhlsbüttler Straße),53.621307,10.033319,True,7.35,20.2,125.0,67.0,31–45 min,2.03,61.0,Medium
E0317,Altona-Altstadt,53.54821,9.94229,90.0,5.0,27.0,METRO+BUS+SUBWAY,Königstraße,53.547794,9.944088,True,16.86,38.5,287.0,229.0,> 60 min,2.34,4.0,Low
E0318,Schnelsen,53.63204,9.92321,57.0,3.0,16.0,BUS,Frohmestraße (Mitte),53.63249,9.92121,True,10.16,25.6,173.0,115.0,46–60 min,2.23,40.2,Medium
E0319,Niendorf,53.62617,9.934,59.0,2.0,21.0,BUS,Wendlohstraße,53.629864,9.939724,True,10.02,25.3,170.0,112.0,46–60 min,2.33,37.5,Low
E0320,Bad Oldesloe,53.80058,10.39167,115.0,3.0,28.0,BUS+REGIONAL_RAIL,"Bad Oldesloe, Ratzeburger Straße",53.802406,10.399679,True,25.98,56.1,442.0,384.0,> 60 min,2.05,18.4,Low
E0321,Elmshorn,53.74988,9.63033,120.0,3.0,34.0,BUS+REGIONAL_RAIL,"Raa-Besenbek, Altendeich (Ost)",53.75209,9.627190999999998,True,28.31,60.6,482.0,424.0,> 60 min,1.98,13.9,Low
E0322,Hamm,53.55711,10.06219,72.0,2.0,20.0,BUS+METRO,Am Elisabethgehölz,53.55746499999999,10.062056000000002,True,14.42,33.8,245.0,187.0,> 60 min,2.13,44.1,Medium
E0323,Ohlsdorf,53.61582,10.0332,41.0,1.0,16.0,BUS,U S Ohlsdorf (Fuhlsbüttler Straße),53.621307,10.033319,True,7.91,21.3,135.0,77.0,31–45 min,1.92,66.1,High
E0324,Sasel,53.65962,10.11739,34.0,1.0,11.0,BUS,Schönsberg,53.659348,10.113898,True,5.52,16.6,94.0,36.0,31–45 min,2.05,62.2,Medium
E0325,Kaltenkirchen,53.84332,9.93753,89.0,3.0,33.0,REGIONAL_RAIL+BUS+SUBWAY,dodenhof,53.84441,9.939692,True,18.86,42.4,321.0,263.0,> 60 min,2.1,21.1,Low
E0326,Bergedorf,53.49297,10.20619,96.0,2.0,25.0,METRO+BUS,Bergedorf,53.489834,10.206170999999998,True,23.95,52.2,407.0,349.0,> 60 min,1.84,42.2,Medium
E0327,Norderstedt,53.69228,10.03229,16.0,1.0,12.0,BUS,"Glashütte, Eiderstraße",53.693783,10.030058,True,1.16,8.2,20.0,-38.0,≤ 30 min,1.95,62.1,Medium
E0328,Poppenbüttel,53.67231,10.10984,46.0,1.0,16.0,BUS,Mellingburgredder,53.66831600000001,10.106127999999998,True,4.43,14.5,75.0,17.0,46–60 min,3.17,13.2,Low
E0329,Wilhelmsburg,53.51078,10.00789,110.0,3.0,45.0,METRO+SUBWAY+BUS,Wilhelmsburg,53.49893600000001,10.007006,True,19.71,44.0,335.0,277.0,> 60 min,2.5,0.0,Low
E0330,Niendorf,53.62353,9.96227,62.0,3.0,22.0,BUS,Helvetierweg,53.626896,9.958912,True,8.96,23.3,152.0,94.0,> 60 min,2.66,15.0,Low
E0331,Wellingsbüttel,53.64173,10.08126,42.0,1.0,16.0,METRO+BUS,Wellingsbüttel,53.641327,10.082825,True,5.47,16.5,93.0,35.0,31–45 min,2.55,38.6,Low
E0332,Barmbek-Süd,53.58877,10.04334,57.0,1.0,16.0,METRO+BUS,Barmbek,53.58745999999999,10.044164,True,10.87,27.0,185.0,127.0,46–60 min,2.11,58.8,Medium
E0333,Schnelsen,53.62644,9.91403,61.0,3.0,17.0,BUS,Spanische Furt,53.62501500000001,9.91705,True,11.02,27.3,187.0,129.0,> 60 min,2.23,39.1,Low
E0334,Ahrensburg,53.68034,10.22605,63.0,2.0,20.0,BUS,"Ahrensburg, Jungborn",53.683586,10.231990999999995,True,11.81,28.8,201.0,143.0,> 60 min,2.19,44.9,Medium
E0335,Eimsbüttel,53.57772,9.96058,75.0,3.0,26.0,SUBWAY+BUS,Osterstraße,53.57608,9.951689000000002,True,13.37,31.8,227.0,169.0,> 60 min,2.36,22.4,Low
E0336,Wilhelmsburg,53.4905,10.02452,108.0,4.0,37.0,BUS+METRO+SUBWAY,Kirchdorfer Straße (Museum Elbinsel),53.49106,10.019,True,21.85,48.1,372.0,314.0,> 60 min,2.25,0.0,Low
E0337,Billstedt,53.54455,10.07629,90.0,2.0,30.0,BUS+METRO,Bauerberg,53.550457,10.077966,True,15.9,36.7,270.0,212.0,> 60 min,2.45,16.6,Low
E0338,Stellingen,53.60354,9.92159,86.0,4.0,27.0,BUS+SUBWAY,Wegenkamp,53.59873200000001,9.926267,True,12.39,29.9,211.0,153.0,> 60 min,2.88,0.0,Low
E0339,Billstedt,53.52014,10.07994,94.0,2.0,21.0,BUS+METRO,Andreas-Meyer-Straße (Mitte),53.518257,10.078199,True,18.63,41.9,317.0,259.0,> 60 min,2.24,31.3,Low
E0340,Bargteheide,53.71881,10.25675,80.0,2.0,24.0,BUS,"Bargteheide, Lohe",53.72476,10.25567,True,14.27,33.5,243.0,185.0,> 60 min,2.39,27.8,Low
E0341,Eimsbüttel,53.57281,9.94769,71.0,3.0,20.0,SUBWAY+BUS,Emilienstraße,53.57166699999999,9.952660000000002,True,14.24,33.5,242.0,184.0,> 60 min,2.12,38.3,Low
E0342,Bad Oldesloe,53.8172,10.37944,111.0,3.0,30.0,BUS+REGIONAL_RAIL,"Bad Oldesloe, Lübecker Straße",53.81089399999999,10.376584000000005,True,26.25,56.6,447.0,389.0,> 60 min,1.96,21.4,Low
E0343,Norderstedt,53.70506,10.02049,32.0,1.0,18.0,BUS,"Harksheide, Schützenwall",53.7077,10.02307,True,2.7,11.2,46.0,-12.0,31–45 min,2.86,22.1,Low
E0344,Harburg,53.46616,9.94927,112.0,4.0,36.0,BUS+METRO+SUBWAY,Lohmannsweg,53.464214,9.957645,True,25.34,54.9,431.0,373.0,> 60 min,2.04,6.1,Low
E0345,Norderstedt,53.69417,9.95419,73.0,1.0,52.0,BUS,"Garstedt, Schierkamp",53.68692,9.952812000000002,True,6.17,17.9,105.0,47.0,> 60 min,4.08,0.0,Low
E0346,Norderstedt,53.70058,10.00988,45.0,2.0,24.0,BUS,"Harksheide, Markt",53.70448,10.009047,True,2.9,11.6,49.0,-9.0,31–45 min,3.88,0.0,Low
E0347,Bad Oldesloe,53.82146,10.393,138.0,2.0,65.0,REGIONAL_RAIL+BUS,Bad Oldesloe,53.80539,10.382541000000002,True,27.25,58.6,464.0,406.0,> 60 min,2.35,0.0,Low
E0348,Bramfeld,53.61703,10.06399,80.0,2.0,20.0,BUS,Borchertring,53.614933,10.067572,True,7.81,21.1,133.0,75.0,> 60 min,3.79,0.0,Low
E0349,Steilshoop,53.61291,10.05293,68.0,3.0,20.0,BUS,Fritz-Flinte-Ring,53.61066399999999,10.049317999999998,True,8.19,21.8,139.0,81.0,> 60 min,3.12,0.0,Low
E0350,Billstedt,53.53998,10.11893,89.0,2.0,17.0,BUS,An der Schleemer Mühle,53.537064,10.116369,True,16.97,38.7,289.0,231.0,> 60 min,2.3,34.4,Low
